{
    "ComponentIconsSize": 1.0,
    "ComponentIconsOffset": 21,
    "ComponentIconsSpacing": 2.0,
    "HierarchyTreeColor": {
        "r": 0.7372549176216126,
        "g": 0.8470588326454163,
        "b": 0.8901960849761963,
        "a": 1.0
    },
    "TreeBranchImageType_I": 0,
    "TreeBranchImageType_L": 0,
    "TreeBranchImageType_T": 0,
    "TreeBranchImageType_TerminalBud": 0,
    "TagColor": {
        "r": 0.6666666865348816,
        "g": 0.8509804010391235,
        "b": 0.6470588445663452,
        "a": 0.7843137383460999
    },
    "TagTextAnchor": 4,
    "TagFontStyle": 0,
    "TagFontSize": 9,
    "LayerColor": {
        "r": 0.6666666865348816,
        "g": 0.8509804010391235,
        "b": 0.6470588445663452,
        "a": 0.7843137383460999
    },
    "LayerTextAnchor": 4,
    "LayerFontStyle": 0,
    "LayerFontSize": 9,
    "TagLayerOffset": 5,
    "TagLayerSpacing": 5,
    "HierarchyLineColor": {
        "r": 0.7490196228027344,
        "g": 0.8745098114013672,
        "b": 0.6941176652908325,
        "a": 0.501960813999176
    },
    "HierarchyLineThickness": 1,
    "FolderDefaultTextColor": {
        "r": 1.0,
        "g": 1.0,
        "b": 1.0,
        "a": 1.0
    },
    "FolderDefaultFontSize": 12,
    "FolderDefaultFontStyle": 1,
    "FolderDefaultImageColor": {
        "r": 0.8745098114013672,
        "g": 0.9176470637321472,
        "b": 0.9411764740943909,
        "a": 1.0
    },
    "FolderDefaultImageType": 4,
    "SeparatorDefaultTextColor": {
        "r": 1.0,
        "g": 1.0,
        "b": 1.0,
        "a": 1.0
    },
    "SeparatorDefaultIsGradientBackground": false,
    "SeparatorDefaultBackgroundColor": {
        "r": 0.3551085889339447,
        "g": 0.4182751774787903,
        "b": 0.4716981053352356,
        "a": 1.0
    },
    "SeparatorDefaultBackgroundGradient": {
        "serializedVersion": "2",
        "key0": {
            "r": 1.0,
            "g": 1.0,
            "b": 1.0,
            "a": 1.0
        },
        "key1": {
            "r": 1.0,
            "g": 1.0,
            "b": 1.0,
            "a": 1.0
        },
        "key2": {
            "r": 0.0,
            "g": 0.0,
            "b": 0.0,
            "a": 0.0
        },
        "key3": {
            "r": 0.0,
            "g": 0.0,
            "b": 0.0,
            "a": 0.0
        },
        "key4": {
            "r": 0.0,
            "g": 0.0,
            "b": 0.0,
            "a": 0.0
        },
        "key5": {
            "r": 0.0,
            "g": 0.0,
            "b": 0.0,
            "a": 0.0
        },
        "key6": {
            "r": 0.0,
            "g": 0.0,
            "b": 0.0,
            "a": 0.0
        },
        "key7": {
            "r": 0.0,
            "g": 0.0,
            "b": 0.0,
            "a": 0.0
        },
        "ctime0": 0,
        "ctime1": 65535,
        "ctime2": 0,
        "ctime3": 0,
        "ctime4": 0,
        "ctime5": 0,
        "ctime6": 0,
        "ctime7": 0,
        "atime0": 0,
        "atime1": 65535,
        "atime2": 0,
        "atime3": 0,
        "atime4": 0,
        "atime5": 0,
        "atime6": 0,
        "atime7": 0,
        "m_Mode": 0,
        "m_ColorSpace": 0,
        "m_NumColorKeys": 2,
        "m_NumAlphaKeys": 2
    },
    "SeparatorDefaultFontSize": 13,
    "SeparatorDefaultFontStyle": 3,
    "SeparatorDefaultTextAnchor": 4,
    "SeparatorDefaultImageType": 5,
    "SeparatorLeftSideTextAnchorOffset": 3,
    "SeparatorRightSideTextAnchorOffset": 36,
    "LockColor": {
        "r": 0.7490196228027344,
        "g": 0.8745098114013672,
        "b": 0.6941176652908325,
        "a": 1.0
    },
    "LockTextAnchor": 4,
    "LockFontStyle": 2,
    "LockFontSize": 11
}